[
    {
        "query": "Hello",
        "response": "Hello! How can I assist you today?",
        "rating": 1,
        "timestamp": "2025-03-13T00:18:35.673696"
    },
    {
        "query": "write a python program to add two numbers",
        "response": "# Adding Two Numbers in Python\n=====================================\n\nThis program takes two integers as input from the user and adds them together.\n\n### Code\n\n```python\ndef add_numbers():\n    \"\"\"\n    Asks for two numbers, adds them together, and prints the result.\n    \"\"\"\n\n    # Get the first number from the user\n    num1 = float(input(\"Enter the first number: \"))\n\n    # Get the second number from the user\n    num2 = float(input(\"Enter the second number: \"))\n\n    # Add the numbers together\n    sum = num1 + num2\n\n    # Print the result\n    print(f\"The sum of {num1} and {num2} is {sum}\")\n\nif __name__ == \"__main__\":\n    add_numbers()\n```\n\n### Explanation\n\n*   The program defines a function called `add_numbers()` that performs the addition.\n*   It uses the built-in `input()` function to get two numbers from the user, which are then converted to floats using `float()`.\n*   The sum of these numbers is calculated and stored in the `sum` variable.\n*   Finally, it prints out the result.\n\n### Example Use Case\n\n1.  Run the program.\n2.  Enter a number when prompted (e.g., \"10\").\n3.  Enter another number when prompted (e.g., \"5\").\n\nThe program will output: \"The sum of 10 and 5 is 15.\"\n\nThis code demonstrates how to write a simple Python program that takes user input, performs an operation, and prints the result.",
        "rating": 1,
        "timestamp": "2025-03-13T14:42:41.618012"
    },
    {
        "query": "Write a Python programme to.Factorial.",
        "response": "# Factorial Programme in Python\n=====================================\n\nThis program calculates the factorial of a given integer using recursion and iteration methods.\n\n## Recursive Method\n---------------\n\n```python\ndef factorial_recursive(n):\n    \"\"\"\n    Calculate the factorial of a number using recursion.\n    \n    Args:\n        n (int): The input number.\n    \n    Returns:\n        int: The factorial of the input number.\n    \"\"\"\n    if n == 0 or n == 1:\n        return 1\n    else:\n        return n * factorial_recursive(n-1)\n```\n\n## Iterative Method\n-----------------\n\n```python\ndef factorial_iterative(n):\n    \"\"\"\n    Calculate the factorial of a number using iteration.\n    \n    Args:\n        n (int): The input number.\n    \n    Returns:\n        int: The factorial of the input number.\n    \"\"\"\n    result = 1\n    for i in range(1, n + 1):\n        result *= i\n    return result\n```\n\n## Example Usage\n-------------\n\n```python\nprint(\"Recursive Method:\")\nfor i in range(5):\n    print(f\"Factorial of {i} is: {factorial_recursive(i)}\")\n\nprint(\"\\nIterative Method:\")\nfor i in range(5):\n    print(f\"Factorial of {i} is: {factorial_iterative(i)}\")\n```\n\nThis program demonstrates both recursive and iterative methods for calculating the factorial of a number. The `factorial_recursive` function uses recursion to calculate the factorial, while the `factorial_iterative` function uses iteration. Both functions take an integer input `n` and return its factorial as output.",
        "rating": 1,
        "timestamp": "2025-03-13T14:59:05.833925"
    },
    {
        "query": "Hello",
        "response": "Hello! How can I assist you today?",
        "rating": 1,
        "timestamp": "2025-03-13T19:42:06.525588"
    }
]